Petition,URL,State,Signatures Count
Protect the Environment – support carbon neutral energy alternatives,https://petition.parliament.uk/petitions/300000,open,1109
Give holiday caravan/lodge owners the same statutory protection as mobile homes.,https://petition.parliament.uk/petitions/300007,open,8657
"Fern’s Law: Compulsory to scan & check microchips to reunite stolen dogs, cats.",https://petition.parliament.uk/petitions/300010,open,24851
Sol’s Law – Create a new offence and tougher penalties for attacking animals. ,https://petition.parliament.uk/petitions/300015,open,1556
Return the Parthenon Marbles via the establishment of a new independent body,https://petition.parliament.uk/petitions/300016,open,173
Bring the pay scales of Crime Scene Investigators in line with police officers. ,https://petition.parliament.uk/petitions/300018,open,260
Revoke the Health and Social Care Act 2012 and renationalise the NHS,https://petition.parliament.uk/petitions/300019,open,24898
Prohibit MPs from voting in parliament when under the influence of alcohol,https://petition.parliament.uk/petitions/300021,open,308
Vets to scan prior to euthanasia for Rescue Back up and confirm keeper details,https://petition.parliament.uk/petitions/300025,open,22880
Hold a referendum on the post-2020 UK-EU relationship with option to rejoin EU,https://petition.parliament.uk/petitions/300026,open,5153
Fund research for childhood cancers with the worst survival rates,https://petition.parliament.uk/petitions/300027,open,23032
Repeal the Vagrancy Act of 1824,https://petition.parliament.uk/petitions/300029,open,63
Pay Carers an allowance equivalent to a fulltime job at the National Living wage,https://petition.parliament.uk/petitions/300032,open,11197
Fund Kuvan (sapropterin) on the NHS for people with PKU,https://petition.parliament.uk/petitions/300034,open,18389
Hold a referendum for devolution in the North of England,https://petition.parliament.uk/petitions/300039,open,47
Make it compulsory for all leisure centres to carry out checks under Sarah's law,https://petition.parliament.uk/petitions/300041,open,1281
Legal rights for ancient trees,https://petition.parliament.uk/petitions/300050,open,8424
"Require restaurants to show total prices, inclusive of service charges, in menus",https://petition.parliament.uk/petitions/300052,open,90
"Introduce a minimum sentence for carrying a knife, equal to carrying a firearm.",https://petition.parliament.uk/petitions/300054,open,15649
Coroners must be lawfully obligated to statistically record veteran suicides,https://petition.parliament.uk/petitions/300055,open,7687
Allow those who suffer from Coeliac Disease to join the Armed Forces,https://petition.parliament.uk/petitions/300056,open,298
Remove the East Anglia franchise from the Greater Anglia company,https://petition.parliament.uk/petitions/300057,open,329
"New ""UK Person"" status for nationals of countries that prohibit dual nationality",https://petition.parliament.uk/petitions/300058,open,383
Publish the Russia report,https://petition.parliament.uk/petitions/300059,open,55737
Make chronic kidney disease testing available for all new-borns. ,https://petition.parliament.uk/petitions/300061,open,667
Give consumers a statutory right to opt out of receiving paper correspondence,https://petition.parliament.uk/petitions/300064,open,37
Make the 6 Nations a culturally protected event.,https://petition.parliament.uk/petitions/300069,open,7543
Make pet theft crime a specific offence with custodial sentences.,https://petition.parliament.uk/petitions/300071,open,14936
Increase pay for NHS healthcare workers and recognise their work,https://petition.parliament.uk/petitions/300073,open,152905
"Change the law covering sale of services to preclude ""automatic renewal clause""",https://petition.parliament.uk/petitions/300074,open,110
Hold an inquiry into how the police handle historic sexual abuse cases.,https://petition.parliament.uk/petitions/300075,open,446
"Regulate wildlife food so it’s safer for our UK hedgehogs, mammals & birds",https://petition.parliament.uk/petitions/300077,open,1433
No capital gains tax on money used for social care fees,https://petition.parliament.uk/petitions/300078,open,11
Reduce student debt for student nurses and midwives,https://petition.parliament.uk/petitions/300079,open,5209
End 'other children a paying parent supports' deductions to Child Maintenance.,https://petition.parliament.uk/petitions/300088,open,68
Give the British Nationals (Overseas) of Hong Kong full British citizenship.,https://petition.parliament.uk/petitions/300091,open,6957
MPs resigning or leaving their political party should trigger a by election. ,https://petition.parliament.uk/petitions/300092,open,100
"We call on DEFRA, to reinstate the ban on the use of metaldehyde slug pellets.",https://petition.parliament.uk/petitions/300098,open,5298
Make Hedgehogs a Protected Species,https://petition.parliament.uk/petitions/300100,open,45350
Introduce Mandatory Ethnicity Pay Gap Reporting,https://petition.parliament.uk/petitions/300105,open,1321
Suspend sanctions against Iran for the duration of the coronavirus pandemic,https://petition.parliament.uk/petitions/300109,open,14287
Schedule General Elections to be every 4 years.,https://petition.parliament.uk/petitions/300112,open,85
Sack South Western Railway and hand over running of South Western to TfL,https://petition.parliament.uk/petitions/300113,open,447
Make it an offence to create & distribute fakenews for political/financial gain,https://petition.parliament.uk/petitions/300115,open,303
Revoke the TV licence using legislation,https://petition.parliament.uk/petitions/300118,open,15786
Fund more school places for children with SEN,https://petition.parliament.uk/petitions/300119,open,290
Decrease the Foreign Aid budget once we have left the EU.,https://petition.parliament.uk/petitions/300120,open,259
Highway Code Rules 163 and 215 to be made law. Pass horses wide and slow. ,https://petition.parliament.uk/petitions/300122,open,23179
CANZUK: Enter talks with Australia to join the Trans-Tasman Travel Agreement,https://petition.parliament.uk/petitions/300123,open,491
Access Protection Markings to be Enforced by Law,https://petition.parliament.uk/petitions/300127,open,23
Review the National Curriculum for history & include the Holocaust as a subject,https://petition.parliament.uk/petitions/300133,open,67
The Legalisation of Euthanasia in the UK,https://petition.parliament.uk/petitions/300134,open,862
Don’t criminalise trespass,https://petition.parliament.uk/petitions/300139,open,18181
Impose sanctions on China over its treatment of Uyghur Muslims,https://petition.parliament.uk/petitions/300146,open,478
"Allow child benefit to be claimed on household income, not individual income.",https://petition.parliament.uk/petitions/300149,open,192
Ban all single use plastic,https://petition.parliament.uk/petitions/300152,open,977
Stop the migration of people to Universal Credit,https://petition.parliament.uk/petitions/300154,open,62
Ban Smacking in England,https://petition.parliament.uk/petitions/300156,open,123
Call for Right to Appeal/Reverse DVSA Examiner’s Decisions on ALL Driving Tests,https://petition.parliament.uk/petitions/300157,open,27
"Ban pelagic trawlers, attach pingers to all boats, stop slaughter of dolphins.",https://petition.parliament.uk/petitions/300164,open,3358
Haydn's Law – All children 16 and under to wear a helmet when riding a bicycle,https://petition.parliament.uk/petitions/300165,open,3005
Repeal the 2013 and 2017 HS2 Hybrid Bills halting all HS2 works immediately.,https://petition.parliament.uk/petitions/300170,open,22164
Extend the Gambling Act to cover Loot Boxes,https://petition.parliament.uk/petitions/300171,open,3795
Publish new carbon budgets linked to the Paris Agreement and Climate Change Act,https://petition.parliament.uk/petitions/300178,open,1923
Equal (50/50) rights for both parents in the event of a separation.,https://petition.parliament.uk/petitions/300183,open,1889
Make it Law to Label Non-Religiously Slaughtered Meat Products.,https://petition.parliament.uk/petitions/300185,open,2128
Compulsory random drug testing to protect children and vulnerable adults,https://petition.parliament.uk/petitions/300188,open,48
"Ensure, where possible, government contracts are awarded to UK companies",https://petition.parliament.uk/petitions/300193,open,2057
Make the death penalty an option where intent to kill can be proven,https://petition.parliament.uk/petitions/300195,open,95
We ask the Government to have an NHS National Database Centre,https://petition.parliament.uk/petitions/300199,open,137
Make cannabis legal for recreational use for ages 21+,https://petition.parliament.uk/petitions/300201,open,2834
Parliament to protect housing benefit payments during Coronavirus.,https://petition.parliament.uk/petitions/300204,open,477
All halal and kosher certified products are to be prominently labelled as such.,https://petition.parliament.uk/petitions/300205,open,1206
Make nurseries exempt from business rates to support the childcare sector,https://petition.parliament.uk/petitions/300210,open,11114
Ban spitting in the street especially in light of the covid-19 threat,https://petition.parliament.uk/petitions/300213,open,54
Independent CCTV monitoring  in English abattoirs,https://petition.parliament.uk/petitions/300221,open,970
Ban All Pheasant Shooting in England and The Rearing Of Game Birds For Shooting.,https://petition.parliament.uk/petitions/300222,open,204
Ban the live export of animals,https://petition.parliament.uk/petitions/300225,open,73
Require all broadband providers to support a common router standard,https://petition.parliament.uk/petitions/300226,open,84
Ban discrimination in private rental sector towards people on benefits.,https://petition.parliament.uk/petitions/300229,open,68
Review how Social Services operate and bring in procedures to protect parents,https://petition.parliament.uk/petitions/300231,open,1580
Make the legal age for social media users to 18+,https://petition.parliament.uk/petitions/300232,open,106
Release the Home Office's Grooming Gang Review in full,https://petition.parliament.uk/petitions/300239,open,125639
Pass law to ensure no unsaleable goods are destroyed but donated to good causes.,https://petition.parliament.uk/petitions/300242,open,269
Ban the advertising and endorsement of Internal Combustion Engine Vehicles.,https://petition.parliament.uk/petitions/300243,open,29
Replace the current press self regulatory system with a statutory regulator,https://petition.parliament.uk/petitions/300246,open,733
Help independent businesses creating regeneration in struggling High Streets.,https://petition.parliament.uk/petitions/300250,open,89
Introduce Human Trafficking into the secondary school curriculum,https://petition.parliament.uk/petitions/300256,open,36
Ban non-stun slaughter in the UK. ,https://petition.parliament.uk/petitions/300257,open,8046
Change the voting system from First Past The Post to Instant Runoff Voting,https://petition.parliament.uk/petitions/300258,open,47
Introduce the topic of Body Dysmorphic Disorder into the national curriculum.,https://petition.parliament.uk/petitions/300259,open,27
Remove MPs 'special' income tax exemption for accommodation expenses,https://petition.parliament.uk/petitions/300261,open,176
Change the Sexual Offences Act so women can be charged with rape against males,https://petition.parliament.uk/petitions/300270,open,17969
Increase salary for school teachers.,https://petition.parliament.uk/petitions/300271,open,103
Introduce a form of proportional representation for all UK elections,https://petition.parliament.uk/petitions/300274,open,3528
Reverse the decision to support new onshore wind farms,https://petition.parliament.uk/petitions/300276,open,505
Make General Elections bank holidays,https://petition.parliament.uk/petitions/300278,open,133
Add Environmental Conservation to the national curriculum for all schools,https://petition.parliament.uk/petitions/300279,open,232
Subject the Child Maintenance Service to review and ensure it's fit for purpose,https://petition.parliament.uk/petitions/300281,open,687
Introduce a minimum Wage (fee) for Gig-Economy Workers,https://petition.parliament.uk/petitions/300282,open,35
Ban all advertising for online gambling sites,https://petition.parliament.uk/petitions/300285,open,404
Run a nationwide information campaign to reduce roadside litter.,https://petition.parliament.uk/petitions/300286,open,344
Rejoin the EU under Article 49 TEU,https://petition.parliament.uk/petitions/300297,open,16649
Repeal the Fixed Term Parliaments Act.,https://petition.parliament.uk/petitions/300300,open,143
Restore the concept of Free Speech and abolish hate speech laws.,https://petition.parliament.uk/petitions/300305,open,158
Make the Life in the UK test questions more relevant to actual life in the UK.,https://petition.parliament.uk/petitions/300306,open,298
Call a Referendum on Irish Unity,https://petition.parliament.uk/petitions/300307,open,19
Fund the creation of a new hospital between Shrewsbury and Telford,https://petition.parliament.uk/petitions/300309,open,595
Grant cats the same status under the Road Traffic Act 1988 as dogs,https://petition.parliament.uk/petitions/300310,open,783
Hold a referendum to scrap the UK's policy of Net Zero CO2 by 2050,https://petition.parliament.uk/petitions/300316,open,6586
Create a national database of people banned from keeping animals,https://petition.parliament.uk/petitions/300317,open,1778
Legislate on the use of Vegan labelling,https://petition.parliament.uk/petitions/300324,open,829
A motion for the introduction of a Digital Data Dividend (The DDD),https://petition.parliament.uk/petitions/300327,open,1197
"Make the licensing and monitoring of Animal rescues, compulsory.",https://petition.parliament.uk/petitions/300335,open,44
Include self-employed in statutory sick pay during Coronavirus,https://petition.parliament.uk/petitions/300336,open,697103
Appoint an Independent Ombudsman/Regulator for the Veterinary Profession.,https://petition.parliament.uk/petitions/300339,open,150
Raise national speed limit to 80 mph on motorways and dual carriageways,https://petition.parliament.uk/petitions/300342,open,38
Support British Food Producers by ensuring that marks of origin remain,https://petition.parliament.uk/petitions/300353,open,129
Make it law that all local councils should have annual road checks in their area,https://petition.parliament.uk/petitions/300356,open,68
Make it mandatory for Police & CPS to provide counselling to ALL victims of CSA,https://petition.parliament.uk/petitions/300359,open,576
Make all parcel delivery businesses equip drivers with cameras,https://petition.parliament.uk/petitions/300362,open,43
Ban the use of peat in gardening and horticulture,https://petition.parliament.uk/petitions/300368,open,2750
Stop Minting 1p & 2p Coins ,https://petition.parliament.uk/petitions/300369,open,28
Add the British National Anthem to the National Curriculum,https://petition.parliament.uk/petitions/300371,open,1195
Abolish (or raise threshold on) luxury car tax for Ultra Low Emission Vehicles,https://petition.parliament.uk/petitions/300373,open,41
Give UK Citizens’ Family Equal Immigration Rights to that of EU Citizens’ Family,https://petition.parliament.uk/petitions/300377,open,34
Require employers to pay workers on a weekly basis.,https://petition.parliament.uk/petitions/300379,open,28
"Provide all nhs Staff with full pay, off sick, if they have coronavirus 19.",https://petition.parliament.uk/petitions/300380,open,193
Please allow veterinarians to use emergency lights when attending emergencies,https://petition.parliament.uk/petitions/300392,open,225
Abolish the House of Lords,https://petition.parliament.uk/petitions/300395,open,248
No prosecution for parents that remove child from school during a pandemic.,https://petition.parliament.uk/petitions/300399,open,89544
Fund better support for women experiencing pregnancy loss and miscarriage,https://petition.parliament.uk/petitions/300401,open,402
Close Schools/Colleges down for an appropriate amount of time amidst COVID19.,https://petition.parliament.uk/petitions/300403,open,682929
Ban trade deals with countries that deny climate change or not meeting targets.,https://petition.parliament.uk/petitions/300405,open,41
Revise the NPPF to include the protection of all but particularly old hedgerows.,https://petition.parliament.uk/petitions/300407,open,1744
Scrap all  election deposits to open up democracy,https://petition.parliament.uk/petitions/300410,open,107
Extend the transition; delay negotiations until after the coronavirus outbreak,https://petition.parliament.uk/petitions/300412,open,64776
Create charge for use of non-biodegradable material,https://petition.parliament.uk/petitions/300421,open,48
Ensure all royal visits around the UK are fully funded by the Royal Household.,https://petition.parliament.uk/petitions/300422,open,3553
The Government should fund free TV licences for all over-75s.,https://petition.parliament.uk/petitions/300425,open,147
"Change approach to COV-19 - if schools have ""confirmed"" cases they should close.",https://petition.parliament.uk/petitions/300426,open,3054
Make The Masters and The Open golf tournaments Category A free-to-air,https://petition.parliament.uk/petitions/300427,open,699
Remove the protected status of badgers.,https://petition.parliament.uk/petitions/300435,open,194
Increase the success criteria for all future referendums to 60% of the vote,https://petition.parliament.uk/petitions/300437,open,57
Support the Bill for a June Bank Holiday (United Kingdom Day).,https://petition.parliament.uk/petitions/300447,open,96
Call for the UK government to formally recognise the State of Palestine,https://petition.parliament.uk/petitions/300450,open,1541
Include gardening in the National Curriculum,https://petition.parliament.uk/petitions/300453,open,292
Return the Chagos Islands to Mauritius,https://petition.parliament.uk/petitions/300456,open,59
Revoke IR35 Legislation that is causing significant damage to UK businesses,https://petition.parliament.uk/petitions/300458,open,1502
Appoint an independent panel to conduct a Public Inquiry into the DVSA,https://petition.parliament.uk/petitions/300462,open,10
Remove mandatory financial advice clause for Defined Benefit Pension transfers.,https://petition.parliament.uk/petitions/300464,open,12
Introduce a licensing scheme to control the purchase and ownership of animals,https://petition.parliament.uk/petitions/300467,open,34
Ban wearing face coverings in public places.,https://petition.parliament.uk/petitions/300471,open,2483
To block Huawei equipment to be used in 5G network,https://petition.parliament.uk/petitions/300472,open,9041
Hold a public inquiry into the 2016 EU membership referendum,https://petition.parliament.uk/petitions/300473,open,831
Legalise Cannabis for recreational and medicinal purposes,https://petition.parliament.uk/petitions/300475,open,1358
Make nit nurses mandatory in schools,https://petition.parliament.uk/petitions/300478,open,36
Abolish the Supreme Court and return power to the Lords of Appeal in Ordinary.,https://petition.parliament.uk/petitions/300498,open,723
Make the prorogation of Parliament non justiciable by any court in the land.,https://petition.parliament.uk/petitions/300506,open,26
Ban Horses From Public Roads,https://petition.parliament.uk/petitions/300521,open,32
Require universities to reimburse students' tuition fees during strike action,https://petition.parliament.uk/petitions/300528,open,135118
Continue the Red Diesel Exemption Status for Legitimate UK Industry & Business.,https://petition.parliament.uk/petitions/300530,open,618
The UK should ban the importation of Shark Fins.,https://petition.parliament.uk/petitions/300535,open,2749
Introduce a Pet Removal/Protection Order for victims of Domestic Abuse,https://petition.parliament.uk/petitions/300537,open,236
Keep the BBC License Fee and save the BBC.,https://petition.parliament.uk/petitions/300549,open,133
Corrections and clarifications in UK media to be as prominent as original story,https://petition.parliament.uk/petitions/300557,open,954
Make university fees free,https://petition.parliament.uk/petitions/300560,open,265
Replace Breed Specific Legislation with a new statutory framework,https://petition.parliament.uk/petitions/300561,open,42085
Call the government to reduce UK University tuition fees from £9250 to £3000,https://petition.parliament.uk/petitions/300566,open,121
Urge India and UN to send UN Peacekeepers to Kashmir and carry out a plebiscite,https://petition.parliament.uk/petitions/300570,open,1025
Require phones to receive security updates for 5 years,https://petition.parliament.uk/petitions/300575,open,44
Fund more support for mental health.,https://petition.parliament.uk/petitions/300585,open,82
Create a separate English Parliament,https://petition.parliament.uk/petitions/300587,open,89
Ensure high quality university lecturing by making pedagogy training mandatory,https://petition.parliament.uk/petitions/300591,open,52
Extend the franchise (voting age) to include those who are 16-17 years old.,https://petition.parliament.uk/petitions/300596,open,257
Remove VAT on Energy Efficiency Measures To Help Meet 2050 Emissions Target,https://petition.parliament.uk/petitions/300597,open,42
Negotiate full membership of the future Erasmus+ education and youth programme,https://petition.parliament.uk/petitions/300598,open,35
Keep the UK's membership of the EU Convention on Human Rights,https://petition.parliament.uk/petitions/300602,open,881
Ban Consumption Of Dogs & Cats in the UK,https://petition.parliament.uk/petitions/300610,open,198
Impose requirements on schools to shorten the length of the school day to 4hours,https://petition.parliament.uk/petitions/300614,open,16
Require recycling systems in NHS clinical areas for plastic healthcare waste,https://petition.parliament.uk/petitions/300615,open,45
Reform child maintenance and benefit calculations to be fair and prevent poverty,https://petition.parliament.uk/petitions/300620,open,34
Close all universities down for an appropriate amount of time amidst COVID-19,https://petition.parliament.uk/petitions/300628,open,123684
Move the capital of the UK.,https://petition.parliament.uk/petitions/300630,open,61
Advise people to avoid shaking hands during COVID-19,https://petition.parliament.uk/petitions/300632,open,8
Stop Forestry England granting licenses for Fox & Hare hunts,https://petition.parliament.uk/petitions/300634,open,7067
Tougher sentences for animal abusers to include a lifetime ban on owning pets,https://petition.parliament.uk/petitions/300644,open,142
Abolish Homework in all schools,https://petition.parliament.uk/petitions/300653,open,1092
Abolish the mandatory 0.7% GDP Foreign Aid target and spend our money at home,https://petition.parliament.uk/petitions/300662,open,8338
Remove the minimum earnings threshold for Statutory Sick Pay,https://petition.parliament.uk/petitions/300669,open,2888
Ban MMA liquid use in the beauty industry,https://petition.parliament.uk/petitions/300673,open,58
Create a statutory body for the regulation of political advertising,https://petition.parliament.uk/petitions/300695,open,49
All drivers to take a refresher course every 10 years.,https://petition.parliament.uk/petitions/300698,open,44
Ban plastic charity bags being delivered to every household,https://petition.parliament.uk/petitions/300699,open,49
Ensure balance and fairness in political reporting,https://petition.parliament.uk/petitions/300700,open,46
Provide the neighbourhood location of each new COVID 19 case on a live feed.,https://petition.parliament.uk/petitions/300723,open,83
Ban isolation booths in schools.,https://petition.parliament.uk/petitions/300755,open,30
Coronavirus: Free Hand sanitisers for everyone.,https://petition.parliament.uk/petitions/300758,open,67
Introduce limits on per customer purchases in all supermarkets,https://petition.parliament.uk/petitions/300766,open,564
Make it compulsory for food products to have environmental impact traffic lights,https://petition.parliament.uk/petitions/300770,open,572
Double Child Benefit Payments and increase annually in line with Inflation Rise.,https://petition.parliament.uk/petitions/300774,open,1900
Create a Sikh regiment in the British army,https://petition.parliament.uk/petitions/300775,open,16
Providing Government funding for pilot training.,https://petition.parliament.uk/petitions/300784,open,49
Ban animal testing for cosmetics companies and hair and body products.,https://petition.parliament.uk/petitions/300798,open,75
Any future free trade deals must include freedom of movement of people,https://petition.parliament.uk/petitions/300810,open,100
Introduce Visitation Rights/Contact Orders for Siblings.,https://petition.parliament.uk/petitions/300811,open,10
Ban parking charges in motorway rest areas/service stations,https://petition.parliament.uk/petitions/300814,open,73
Add the UEFA Champions League to the Protected Events List,https://petition.parliament.uk/petitions/300816,open,66
Propose full world multilateral disarmament in five years at the United Nations,https://petition.parliament.uk/petitions/300818,open,70
"To ban the sale, use, ownership and manufacture of glue traps.",https://petition.parliament.uk/petitions/300839,open,2055
Revoke the bedroom tax,https://petition.parliament.uk/petitions/300849,open,70
Allow homebuyers who haven’t owned in the last 10 years the stamp duty exemption,https://petition.parliament.uk/petitions/300868,open,31
Ban gambling games based on entertainment TV shows,https://petition.parliament.uk/petitions/300871,open,13
Allow SORN vehicles to be parked on the public road.,https://petition.parliament.uk/petitions/300883,open,27
Ban large public gatherings in the UK until the coronavirus has been contained,https://petition.parliament.uk/petitions/300885,open,171
Reinstate Percentage Threshold Scheme (PTS) for Statutory Sick Pay payments,https://petition.parliament.uk/petitions/300886,open,17
Make zero hour work contracts completely illegal for any employer to offer.,https://petition.parliament.uk/petitions/300887,open,243
Exclude small private pensions when calculating Pension Credit entitlement,https://petition.parliament.uk/petitions/300890,open,33
Allow Paracetamol to be sold in pack sizes of 100-250 again,https://petition.parliament.uk/petitions/300894,open,59
Close public transport down for an appropriate amount of time amidst COVID19,https://petition.parliament.uk/petitions/300900,open,138
Make schools allow GCSE students to take study leave before & during their exams,https://petition.parliament.uk/petitions/300903,open,29
Abolish the benefit in kind tax for company cars when its essential for the job,https://petition.parliament.uk/petitions/300904,open,48
Scrap the proposed ban on new petrol and diesel cars.,https://petition.parliament.uk/petitions/300907,open,88
Urge the Indian Government to revoke the Citizenship Amendment Act (CAA),https://petition.parliament.uk/petitions/300912,open,57
Make employers give a minimum number of hours to staff on Zero-hours contracts,https://petition.parliament.uk/petitions/300918,open,53
Ban the sale of artificial grass,https://petition.parliament.uk/petitions/300919,open,109
Ensure continued Universal health cover by legally committing to a minimum spend,https://petition.parliament.uk/petitions/300925,open,634
Require councils to provide Empty Property Premium details in property searches,https://petition.parliament.uk/petitions/300930,open,15
End Daylight Savings Time ,https://petition.parliament.uk/petitions/300931,open,73
Close down all UK airports & seaports to prevent further spreading of Covid-19.,https://petition.parliament.uk/petitions/300932,open,15470
Increase the rate of minimum wage for 16 year olds from £4.35 to at least £6.00,https://petition.parliament.uk/petitions/300938,open,74
Fund Vertebral Body Tethering (VBT) on the NHS for people with scoliosis,https://petition.parliament.uk/petitions/300957,open,482
Enforce Moderate Social Distancing to Contain & Delay Sars-Cov-2/Coronavirus,https://petition.parliament.uk/petitions/300965,open,909
Make LGBT conversion therapy illegal in the UK,https://petition.parliament.uk/petitions/300976,open,49530
Reduce 5 week wait for first Universal Credit payment to 2 weeks.,https://petition.parliament.uk/petitions/300980,open,219
Lower the fee for naturalisation as a British citizen,https://petition.parliament.uk/petitions/300981,open,90
Support Taiwan's membership of the WHO to help fight Coronavirus.,https://petition.parliament.uk/petitions/300991,open,835
Fund schools to provide GCSE textbooks free for all!,https://petition.parliament.uk/petitions/301004,open,25
Allow 'Personal Electric Vehicles' to use cycle lanes and walkways.,https://petition.parliament.uk/petitions/301014,open,365
Allow students to be exempted from RSE lessons to study their own religion,https://petition.parliament.uk/petitions/301016,open,15
Suspend school performance tables and make SATs tests optional (Coronavirus).,https://petition.parliament.uk/petitions/301021,open,35
Explore options for making NurOwn available to treat Motor Neurone Disease (MND),https://petition.parliament.uk/petitions/301033,open,33022
Keep the hard shoulder on Smart Motorways for emergency use only,https://petition.parliament.uk/petitions/301035,open,203
Any free trade agreement with US must be approved by UK referendum,https://petition.parliament.uk/petitions/301051,open,143
Prevent the use of driving aids during driving tests. ,https://petition.parliament.uk/petitions/301065,open,21
Make it a legal requirement to keep medical services proportionate to population,https://petition.parliament.uk/petitions/301075,open,13
Improve Maternal Mortality Rates and Health Care for Black Women in the U.K.,https://petition.parliament.uk/petitions/301079,open,53
Stop the spread of Covid-19. Stop making children sit on the floor at school. ,https://petition.parliament.uk/petitions/301082,open,42
"Allow for a gender neutral option on a passport, such as an ""X""",https://petition.parliament.uk/petitions/301083,open,128
Stop schools being closed unnecessarily over fears of coronavirus (Covid-19),https://petition.parliament.uk/petitions/301084,open,833
Change the law surrounding the display of private number plates on vehicles,https://petition.parliament.uk/petitions/301093,open,33
Extend £5000 grant to medical and dental students,https://petition.parliament.uk/petitions/301099,open,428
Review drink spiking and bring in provisions to protect people from spiking,https://petition.parliament.uk/petitions/301106,open,179
Extend ACM fund to include ALL types of flammable cladding in apartment blocks,https://petition.parliament.uk/petitions/301108,open,92
Scrap the right to vote in two separate constituencies at local elections,https://petition.parliament.uk/petitions/301117,open,151
Introduce Voter ID in every UK constituency for all Local & General Elections,https://petition.parliament.uk/petitions/301120,open,3614
Support Manchester Piccadilly 15/16 and associated Castlefield improvement works,https://petition.parliament.uk/petitions/301122,open,138
Encourage retailers to prioritise those over 70 shopping online for essentials,https://petition.parliament.uk/petitions/301126,open,28
Stop charging VAT on veterinary medications and services,https://petition.parliament.uk/petitions/301128,open,329
Add gender identity to the characteristics protected under the Equality Act 2010,https://petition.parliament.uk/petitions/301138,open,50
Make it law for hotels to provide accomodation for Severely Disabled People.,https://petition.parliament.uk/petitions/301139,open,17
Ban hunting the brown hare in its breeding season in England & Wales,https://petition.parliament.uk/petitions/301145,open,201
"Scrap 'On-Demand' Postal Voting, & Create Strict Eligibility Criteria",https://petition.parliament.uk/petitions/301157,open,2118
Impose sanctions on countries involved in the illegal tiger trade,https://petition.parliament.uk/petitions/301161,open,132
To legislate to enable routine video recording and broadcasting in civil courts,https://petition.parliament.uk/petitions/301165,open,38
Government to offer economic assistance to the events industry during COVID-19,https://petition.parliament.uk/petitions/301186,open,151344
Start screening every person who enters UK for Coronavirus,https://petition.parliament.uk/petitions/301188,open,540
Name a Railway Station after Sir Winston Churchill for VE Day,https://petition.parliament.uk/petitions/301194,open,86
Ensure safeguarding measures are in place for all UK escort review websites,https://petition.parliament.uk/petitions/301195,open,57
UKVI should refund application fees for a decision take more than 6 months.,https://petition.parliament.uk/petitions/301206,open,34
3 penalty points and £100 fine for not using indicators on the road.,https://petition.parliament.uk/petitions/301210,open,43
Extend the Mayor of London electoral vote to the workforce of Greater London .,https://petition.parliament.uk/petitions/301236,open,52
"A public enquiry into the RSPCA, and it's activities.",https://petition.parliament.uk/petitions/301241,open,685
Stop nitrous oxide (N2O / laughing gas) abuse in our communities.,https://petition.parliament.uk/petitions/301247,open,222
Protect benefits claimants from sanctions for missed appointments during COVID19,https://petition.parliament.uk/petitions/301251,open,100
Change the law on airport slots to favour ecological practices,https://petition.parliament.uk/petitions/301257,open,40
Free Prescriptions for diagnosed Mental Health Conditions,https://petition.parliament.uk/petitions/301271,open,203
Make the companion bus pass scheme a national statutory requirement.,https://petition.parliament.uk/petitions/301273,open,81
Publish guidance for schools and workplaces on how to deal with ADHD,https://petition.parliament.uk/petitions/301275,open,995
Reform PIP assessments,https://petition.parliament.uk/petitions/301286,open,91
Run a Public Awareness Campaign about the Climate and Ecological Emergency,https://petition.parliament.uk/petitions/301289,open,159
"Coronaviruses-Start Educational Campaign: Catch It,Bin It,Kill It When You Spit",https://petition.parliament.uk/petitions/301290,open,83
British Citizenship for UK-born children of European nationals living in the UK,https://petition.parliament.uk/petitions/301297,open,51
Force councils to repair potholes faster & get claims for damages paid quicker,https://petition.parliament.uk/petitions/301304,open,177
Occupation to be made a protected characteristic under the Equality Act 2010.,https://petition.parliament.uk/petitions/301307,open,215
Make employers provide full sick pay for 6 months,https://petition.parliament.uk/petitions/301313,open,39
Remove Universal Credit's 'Minimum Income Floor' for the self-employed.,https://petition.parliament.uk/petitions/301327,open,410
Give financial help to agency and zero hour workers during COVID-19 outbreak.,https://petition.parliament.uk/petitions/301328,open,20689
Extend the franchise for London mayoral elections to all UK residents,https://petition.parliament.uk/petitions/301332,open,174
Prevent late terminations of pregnancies where a baby would have Down's Syndrome,https://petition.parliament.uk/petitions/301335,open,120
Negotiate for Associate EU Citizenship for those who wish to keep EU rights,https://petition.parliament.uk/petitions/301343,open,1686
Require social media companies to retain data to prevent crimes,https://petition.parliament.uk/petitions/301344,open,38
Provide publicly accessible testing for the covid-19 virus around the UK now.,https://petition.parliament.uk/petitions/301354,open,2358
Make sanitary products more easily available for women and girls around the UK,https://petition.parliament.uk/petitions/301356,open,75
UK government to recognise the Armenian Genocide,https://petition.parliament.uk/petitions/301375,open,1962
Suspend VAT/Business Rates/PAYE Payments for three months amid outbreak COVID-19,https://petition.parliament.uk/petitions/301377,open,78
Give local residents right to object to HMO licence applications.,https://petition.parliament.uk/petitions/301394,open,17
Implement UK lockdown for preventing spread of COVID19,https://petition.parliament.uk/petitions/301397,open,408274
Extend maternity pay to 12 months,https://petition.parliament.uk/petitions/301414,open,1255
Exempt Commonwealth Service Personnel having to pay fees to remain in the UK,https://petition.parliament.uk/petitions/301422,open,23
Stop using student finance loans as an income when claiming universal credit,https://petition.parliament.uk/petitions/301431,open,138
For the Government to legislate to abolish the Benefits Cap.,https://petition.parliament.uk/petitions/301437,open,155
Businesses to work from home for an appropriate amount of time amidst COVID19,https://petition.parliament.uk/petitions/301439,open,2133
Require UK election results to be counted and reported at polling district level,https://petition.parliament.uk/petitions/301441,open,338
Require British Sign Language Interpreters for emergency announcements on TV.,https://petition.parliament.uk/petitions/301461,open,19661
Hand washing facilities should be made compulsory in all public places,https://petition.parliament.uk/petitions/301482,open,55
Cancel the £224 per year increase to the NHS Surcharge,https://petition.parliament.uk/petitions/301494,open,173
Ban counselling notes of rape survivors from being used in court,https://petition.parliament.uk/petitions/301500,open,30
Stop Proposed A303 Stonehenge Tunnel,https://petition.parliament.uk/petitions/301503,open,11
HMG implement the Home Affairs Select Committee report on Youth Violence in full,https://petition.parliament.uk/petitions/301512,open,11
Protect the childcare element of Universal Credit from deductions,https://petition.parliament.uk/petitions/301527,open,44
Government please fund free-of-charge Broadband for all over-75s.,https://petition.parliament.uk/petitions/301528,open,23
Make Remembrance Day a public holiday,https://petition.parliament.uk/petitions/301544,open,20
Fund paid leave for people with high risk conditions during COVID19,https://petition.parliament.uk/petitions/301559,open,85
Maintain the requirement for Top 14 Allergen listing,https://petition.parliament.uk/petitions/301562,open,74
Emergency National Unity Government,https://petition.parliament.uk/petitions/301563,open,1096
Make manufacturers use recyclable packaging by law,https://petition.parliament.uk/petitions/301572,open,48
Allow parents of vulnerable children to home educate temporarily during outbreak,https://petition.parliament.uk/petitions/301574,open,37
Make electric scooters legal to reduce our carbon footprint / cut emissions,https://petition.parliament.uk/petitions/301579,open,317
Allow families to prevent press reporting of a loved one’s suicide,https://petition.parliament.uk/petitions/301590,open,253
Limit yearly council tax increases to level of inflation,https://petition.parliament.uk/petitions/301594,open,44
Urgently set timeline and provide funding for roads to be repaired nationally.,https://petition.parliament.uk/petitions/301610,open,16
The NHS should provide free sanitary products for anyone,https://petition.parliament.uk/petitions/301619,open,26
Ban overseas funding for religious places of worship in the UK,https://petition.parliament.uk/petitions/301626,open,1515
Require Social Services to Record All Meetings,https://petition.parliament.uk/petitions/301637,open,55
Public Inquiry into the effectiveness of the DWP in relation to disabled people.,https://petition.parliament.uk/petitions/301648,open,45
Ensure employees are paid their full wage if they can't work due to coronavirus,https://petition.parliament.uk/petitions/301652,open,660
Create an earned amnesty route for migrants without leave to remain,https://petition.parliament.uk/petitions/301696,open,22552
Require Drs to give patient information leaflets prior to giving vaccinations.,https://petition.parliament.uk/petitions/301699,open,1432
Self employed people should be entitled to SSP and Paternal Leave,https://petition.parliament.uk/petitions/301703,open,20
All infrastructure projects be tested against the Net Zero Emissions 2050 Law,https://petition.parliament.uk/petitions/301709,open,33
Require a visual representation of sugar content on confectionery labels.,https://petition.parliament.uk/petitions/301737,open,348
Impose restrictions on television advertisements for charities,https://petition.parliament.uk/petitions/301739,open,18
Make the minimum wage equal for all ages and increase to at least £10,https://petition.parliament.uk/petitions/301749,open,68
Make Fire Safety a defined Material Consideration for Planning Applications,https://petition.parliament.uk/petitions/301762,open,19
Abolish of Value Added Tax (VAT) on Audiobooks,https://petition.parliament.uk/petitions/301766,open,32
Give Commonwealth members of British Armed Services right to remain indefinitely,https://petition.parliament.uk/petitions/301777,open,31
Pay self-employed for self-isolating due to corona virus,https://petition.parliament.uk/petitions/301793,open,3434
Reform rules for slaughter and compensation for cows with Bovine TB,https://petition.parliament.uk/petitions/301802,open,159
Publish estimated figures alongside confirmed cases of covid-19,https://petition.parliament.uk/petitions/301833,open,23
Give UK nurseries emergency funding if they have to close down amid COVID-19,https://petition.parliament.uk/petitions/301836,open,105499
Provide supplies and medical teams to support Italy.,https://petition.parliament.uk/petitions/301840,open,29
Provide live BSL interpretation for coronavirus briefings from the PM.,https://petition.parliament.uk/petitions/301844,open,144
Release the models underlying the government's response to COVID-19,https://petition.parliament.uk/petitions/301847,open,108
"Reduce tax on alcohol in pubs, clubs and restaurants",https://petition.parliament.uk/petitions/301850,open,26
Only release details of an individual when found guilty of a criminal offence,https://petition.parliament.uk/petitions/301875,open,34
Provide financial support to performers and creators during the COVID-19 crisis,https://petition.parliament.uk/petitions/301903,open,6648
Exempt overseas nurses from paying the Immigration Health Surcharge,https://petition.parliament.uk/petitions/301907,open,275
Create legislation requiring employers to have Mental Health First Aiders,https://petition.parliament.uk/petitions/301940,open,19
Reduce or scrap the immigration health surcharge for overseas NHS Staff.,https://petition.parliament.uk/petitions/301948,open,6051
Give school students free public transport to school,https://petition.parliament.uk/petitions/301962,open,37
Divide Child Benefit equally between separated parents who share equal care.,https://petition.parliament.uk/petitions/301972,open,18
Allow each child to have 5 days of permitted school vacation during term time,https://petition.parliament.uk/petitions/302021,open,16
"Give extra points in Points Based Immigration, if anyone has studied in the UK.",https://petition.parliament.uk/petitions/302050,open,500
Amend the IR35 Reforms to re-instate the 5% allowance for all contractors,https://petition.parliament.uk/petitions/302056,open,73
Cap and regulate service charge fees billed by managing companies to home owners,https://petition.parliament.uk/petitions/302120,open,63
Allow non-UK relatives to come to the UK to support families through coronavirus,https://petition.parliament.uk/petitions/302121,open,47
Provide immediate financial support to the Tourism Industry.,https://petition.parliament.uk/petitions/302139,open,668
Bring back the £1 note,https://petition.parliament.uk/petitions/302145,open,26
Encourage train companies to refund unused pre-booked train tickets,https://petition.parliament.uk/petitions/302148,open,30
Increase the state pension,https://petition.parliament.uk/petitions/302150,open,202
Economic assistance for the hospitality industry during the COVID-19 pandemic,https://petition.parliament.uk/petitions/302162,open,4287
Make restaurants state how they source their meat and how it was slaughtered.,https://petition.parliament.uk/petitions/302189,open,504
UK Government: issue care packages to the elderly and vulnerable,https://petition.parliament.uk/petitions/302190,open,89
Protect jobs and businesses in the travel and tourism industry during COVID-19,https://petition.parliament.uk/petitions/302233,open,55
Ban adverts for and sale of Asian elephant tours that do not meet set standards,https://petition.parliament.uk/petitions/302242,open,4328
Shorten the delayed local election time to at least August.,https://petition.parliament.uk/petitions/302247,open,25
"Encourage lenders, landlords and utilities to freeze payments during lockdown",https://petition.parliament.uk/petitions/302256,open,125512
Set a mandatory custodial sentence for people found guilty of sexual offences,https://petition.parliament.uk/petitions/302259,open,34
Launch an online system for people to report self-isolation for Covid-19,https://petition.parliament.uk/petitions/302267,open,59
Increase Statutory Sick Pay,https://petition.parliament.uk/petitions/302277,open,251
Implement Universal Basic Income to give home & food security through Covid-19,https://petition.parliament.uk/petitions/302284,open,111967
Extend ATOL protection to all flights booked within the UK.,https://petition.parliament.uk/petitions/302300,open,26
Postpone May Bank Holidays until Autumn when holidays and sports will be back on,https://petition.parliament.uk/petitions/302308,open,186
All prison sentences for all crimes are to be served in full before parole.,https://petition.parliament.uk/petitions/302312,open,15
Cancel 'Festival Of Britain' and give the money to our NHS,https://petition.parliament.uk/petitions/302318,open,569
Prevent perpetrators accessing children conceived through rape or sexual assault,https://petition.parliament.uk/petitions/302325,open,101
Require courts to make an attachment of earnings order where a debt is owed,https://petition.parliament.uk/petitions/302333,open,200
Make rooftop solar installations mandatory for all new homes valued over £400000,https://petition.parliament.uk/petitions/302355,open,38
Publish Government papers regarding COVID19 after 10 years.,https://petition.parliament.uk/petitions/302369,open,38
Fund the construction of a sea wall surrounding the whole of Great Britain,https://petition.parliament.uk/petitions/302395,open,28
Maintain elections during the Coronavirus crisis vía postal voting,https://petition.parliament.uk/petitions/302475,open,12
Ensure safe accommodation and care for homeless people with symptoms of COVID19,https://petition.parliament.uk/petitions/302485,open,146
Pay long-term supply teachers and support staff during mandatory closures.,https://petition.parliament.uk/petitions/302505,open,12921
Hold a Public Inquiry into the handling of the Covid-19 crisis,https://petition.parliament.uk/petitions/302576,open,11809
Provide a loan facility for self employed workers and directors of companies,https://petition.parliament.uk/petitions/302583,open,25
Fund the procurement of additional medical capacity from the private sector,https://petition.parliament.uk/petitions/302597,open,12
Commit to requisitioning private hospital beds amid the COVID-19 pandemic,https://petition.parliament.uk/petitions/302610,open,223
Award Covid-19 medals to all emergency services and involved armed forces ,https://petition.parliament.uk/petitions/302613,open,3904
Allow larger supermarkets to remain open without restricted hours on Sundays,https://petition.parliament.uk/petitions/302665,open,94
Abolish Council tax,https://petition.parliament.uk/petitions/302681,open,432
Encourage banks to delay 40% bank overdraft charges during the corona pandemic,https://petition.parliament.uk/petitions/302724,open,1387
Reimburse nurses for student loans and fund all fees for future student nurses,https://petition.parliament.uk/petitions/302732,open,5554
Work with other countries to coordinate an international lock down,https://petition.parliament.uk/petitions/302741,open,35
"The British government should set a net migration cap at 10,000 a year.",https://petition.parliament.uk/petitions/302744,open,2721
Halt work on HS2 and Stonehenge Tunnel until Coronavirus over,https://petition.parliament.uk/petitions/302756,open,564
Reduce the school leaving age to 13,https://petition.parliament.uk/petitions/302773,open,22
Require recipients of Covid 19 loans/grants to pay staff and freelancers first.,https://petition.parliament.uk/petitions/302781,open,29
Close the United Kingdom/Republic of Ireland border immediately.,https://petition.parliament.uk/petitions/302792,open,167
Lower Council tax and VAT,https://petition.parliament.uk/petitions/302793,open,33
Reimburse students on their year abroad who are affected by Coronavirus,https://petition.parliament.uk/petitions/302805,open,42
"Bring out ration books for food, everyday items and baby items",https://petition.parliament.uk/petitions/302823,open,91
Reimburse Nursing students who are prematurely called out into the workforce,https://petition.parliament.uk/petitions/302844,open,84
Reimburse all students of this year’s fees due to strikes and COVID-19,https://petition.parliament.uk/petitions/302855,open,339807
Support the beauty industry during the corona virus outbreak,https://petition.parliament.uk/petitions/302857,open,771
Fund basic funerals/cremations for Covid-19 Victims,https://petition.parliament.uk/petitions/302866,open,211
Introduce financial measures to support SMEs during Coronavirus outbreak,https://petition.parliament.uk/petitions/302889,open,82
We would like the government to consider social care as equally important to NHS,https://petition.parliament.uk/petitions/302897,open,42370
Reimburse contract termination fees,https://petition.parliament.uk/petitions/302921,open,23
Delay the TV License fees for the elderly for at least 12 months,https://petition.parliament.uk/petitions/302926,open,21
Provide all pensioners a survival pack containing essentials to last 30 days,https://petition.parliament.uk/petitions/302940,open,59
Negotiate for UK to remain part of the European Medicines Agency after 31 Dec,https://petition.parliament.uk/petitions/302950,open,90
Reduce the state pension age to 60 to better support the elderly,https://petition.parliament.uk/petitions/302965,open,208
Provide an Emergency fund for Health & Social Care Providers due to COVID-19,https://petition.parliament.uk/petitions/302969,open,60
Stop the Building of the Nuclear Power Plan at Bradwell on Sea,https://petition.parliament.uk/petitions/302971,open,5235
Extend sick pay and employment protection to those living with over 70s,https://petition.parliament.uk/petitions/302991,open,37
Decline any requests for bailouts from the airline industry,https://petition.parliament.uk/petitions/302992,open,4756
More funding to ensure the safety of patients in the mental health system,https://petition.parliament.uk/petitions/302995,open,79
Require schools and colleges to have gender neutral toilets,https://petition.parliament.uk/petitions/302997,open,301
Criminalise the publication of unfounded false statements by the media,https://petition.parliament.uk/petitions/303050,open,88
Restrict people stockpiling and reselling items at inflated prices,https://petition.parliament.uk/petitions/303070,open,206
Support the British aviation industry during the COVID-19 outbreak,https://petition.parliament.uk/petitions/303081,open,101290
Reduce the speed limit of the A1 from 70mph to 60mph.,https://petition.parliament.uk/petitions/303118,open,15
Purchase more heart-lung machines to fight Covid-19 coronavirus,https://petition.parliament.uk/petitions/303128,open,33
Ban using fish as prizes at carnivals or other similar events.,https://petition.parliament.uk/petitions/303194,open,44
Include LGBT+ history and LGBT+ history month in National Curriculum,https://petition.parliament.uk/petitions/303195,open,28
Fund provision of internet and communication devices to over 70s during outbreak,https://petition.parliament.uk/petitions/303208,open,25
I wish for school to not be on Fridays.,https://petition.parliament.uk/petitions/303266,open,15
Require councils to suspend council tax payments during the coronavirus outbreak,https://petition.parliament.uk/petitions/303274,open,105209
Bonus for emergency services personnel working due to COVID-19,https://petition.parliament.uk/petitions/303306,open,467
Allow tax / NIC free notice periods and ex gratia payments  to freelance workers,https://petition.parliament.uk/petitions/303315,open,20
Pay self employed workers a wage due to lack of earnings caused by COVID-19.,https://petition.parliament.uk/petitions/303345,open,44553
Allow National Lottery revenue to be used to fund the NHS,https://petition.parliament.uk/petitions/303376,open,106
Make asthma prescriptions free for those in need.,https://petition.parliament.uk/petitions/303386,open,69
Prevent banks charging  fees for card payments to small businesses,https://petition.parliament.uk/petitions/303451,open,39
Fund free meals for NHS staff whilst on duty during the COVID19 Pandemic,https://petition.parliament.uk/petitions/303485,open,30
Change the legal age of being able to drive to 16,https://petition.parliament.uk/petitions/303592,open,12
Ban or limit bailouts for big businesses,https://petition.parliament.uk/petitions/303614,open,71
Remove citizenship fees for people born in the UK and from long term residents.,https://petition.parliament.uk/petitions/303625,open,16
"Financial support for the UK film industry employees, freelancers, contractors",https://petition.parliament.uk/petitions/303626,open,522
Introduce minimum fixed term sentencing for convicted murders of 25yrs to life.,https://petition.parliament.uk/petitions/303658,open,70
"Extend the transitional phase of Brexit by one year, to 31.12.21",https://petition.parliament.uk/petitions/303686,open,283
Reduce VAT for small businesses in the hospitality sector to 5%,https://petition.parliament.uk/petitions/303688,open,31
Call for Overhaul & Reform of the Driver and Vehicle Standards Agency & its Role,https://petition.parliament.uk/petitions/303705,open,7
Stop schools from giving over 30 minute detentions.,https://petition.parliament.uk/petitions/303766,open,13
Scrap The Bedroom Tax For People on SSP Due to Coronavirus.,https://petition.parliament.uk/petitions/303843,open,39
Seek to join Comprehensive & Progressive Agreement for Trans-Pacific Partnership,https://petition.parliament.uk/petitions/303861,open,45
Create a new Bank Holiday in recognition of the NHS and all its amazing workers.,https://petition.parliament.uk/petitions/303882,open,467
Reduce the cost of motor bike road tax,https://petition.parliament.uk/petitions/303926,open,310
Remove English literature from the national curriculum for Key Stage 4,https://petition.parliament.uk/petitions/303956,open,12
Make Covid-19 testing available for all healthcare professionals,https://petition.parliament.uk/petitions/304005,open,1076
Ban Animal Products,https://petition.parliament.uk/petitions/304078,open,769
Rename the Mental Health Act to the Mind Health Act.,https://petition.parliament.uk/petitions/304087,open,7
Allow charities to claim Gift Aid on all income during COVID19 crisis,https://petition.parliament.uk/petitions/304093,open,32
Government to offer economic assistance to the Leisure industry during COVID-19,https://petition.parliament.uk/petitions/304108,open,12
"Extend £10,000 small business grant to SMEs that do not have a property",https://petition.parliament.uk/petitions/304161,open,210
Pay salary for all who lose their jobs during this pandemic.,https://petition.parliament.uk/petitions/304185,open,87
"Require all public access toilet doors to be push to open, when exiting.",https://petition.parliament.uk/petitions/304237,open,17
Provide adequate PPE equipment for medical professionals working with COVID-19,https://petition.parliament.uk/petitions/304243,open,6156
Zero VAT during the Coronavirus Crisis.,https://petition.parliament.uk/petitions/304245,open,50
"Stop business rates, VAT and PAYE whilst government advise isolation for COVID19",https://petition.parliament.uk/petitions/304260,open,16
Make precautionary allergen labelling compulsory and more specific.,https://petition.parliament.uk/petitions/304265,open,61
Legislate to limit interest rates on lending during Covid-19 outbreak,https://petition.parliament.uk/petitions/304268,open,51
Allow full time students to claim universal credit during the Covid-19 pandemic,https://petition.parliament.uk/petitions/304298,open,68
Increase funding for coastal defence and compensate owners for lost properties,https://petition.parliament.uk/petitions/304349,open,52
Make it mandatory to wear a face mask in public during Covid-19 Pandemic,https://petition.parliament.uk/petitions/304397,open,11858
Implement in full the recommendations made by the UK Committee on Climate Change,https://petition.parliament.uk/petitions/304402,open,65
Use  money from the foreign aid budget to Support UK in the Covid 19 crisis,https://petition.parliament.uk/petitions/304418,open,2402
Extended Visas indefinitely for International Students.,https://petition.parliament.uk/petitions/304442,open,14396
Temporary nationalisation of private hospitals amid coronavirus pandemic - UK,https://petition.parliament.uk/petitions/304482,open,18
Introduce a 'one off' bank holiday after covid-19 pandemic to boost morale.,https://petition.parliament.uk/petitions/304513,open,87
Mandatory life sentences for child sexual abuse,https://petition.parliament.uk/petitions/304563,open,117
Incentivise NHS staff during the COVID19 outbreak by making wages untaxable,https://petition.parliament.uk/petitions/304595,open,3943
Give protection to renters during Corvid-19 Crisis. Ban evictions for one year.,https://petition.parliament.uk/petitions/304682,open,17
Make Home Help Services for the Elderly Exempt from VAT,https://petition.parliament.uk/petitions/304695,open,77
Allow pentalty-free withdrawals from Lifetime ISAs during the coronavirus.,https://petition.parliament.uk/petitions/304731,open,26
Provide food bank service as food banks close & hardship increases due to CV-19,https://petition.parliament.uk/petitions/304755,open,33
Support small manufacturers through COVID-19 with loans and business rate relief,https://petition.parliament.uk/petitions/304778,open,49
Bring back the death penalty,https://petition.parliament.uk/petitions/304809,open,7041
Close high street banks and building societies due to Coronavirus,https://petition.parliament.uk/petitions/304819,open,9
Implement a Covid-19 contact tracing app now.,https://petition.parliament.uk/petitions/304827,open,46
Work with breweries to provide financial help for Pub landlords during Covid-19 ,https://petition.parliament.uk/petitions/304847,open,3249
Refund university rent and tuition fees due to coronavirus,https://petition.parliament.uk/petitions/304855,open,13525
Enable and fund pay for special constables doing police duties during pandemic,https://petition.parliament.uk/petitions/304862,open,11
Government to waive all forms of taxation due to Coronavirus,https://petition.parliament.uk/petitions/304866,open,9
Extend visas for 3 more years for business applications under the Turkish ECAA.,https://petition.parliament.uk/petitions/304875,open,1773
Improve mental health services for young people (children and adolescents),https://petition.parliament.uk/petitions/304876,open,281
Impose an income tax holiday for UK tax payers during the Coronavirus crisis.,https://petition.parliament.uk/petitions/304905,open,15
Create a fund to reimburse money lost due to covid-19 travel cancellations,https://petition.parliament.uk/petitions/304912,open,190
Get HMRC to refund the Self-Employed their Jan 2020 1st Tax Payment on Account,https://petition.parliament.uk/petitions/304995,open,63
Reduce restrictions on access to private pensions during coronavirus,https://petition.parliament.uk/petitions/304996,open,38
Extend grants immediately to small businesses outside of SBRR,https://petition.parliament.uk/petitions/305024,open,24702
Set up a rebate scheme for contractors affected by planned IR35 reform,https://petition.parliament.uk/petitions/305027,open,25
Shutdown all construction sites with more than 50 workers due to COVID19.,https://petition.parliament.uk/petitions/305035,open,705
Extend the limitation period by 18 months for all personal injury matters.,https://petition.parliament.uk/petitions/305037,open,14
3 Days Off A Year To Let The World Rest,https://petition.parliament.uk/petitions/305055,open,127
COVID-19 tests for everyone working in Social Care.,https://petition.parliament.uk/petitions/305065,open,345
Set up National Helpline for non-medical services during Covid19 outbreak.,https://petition.parliament.uk/petitions/305098,open,16
Reimburse losses to pension funds resulting from Covid-19,https://petition.parliament.uk/petitions/305122,open,17
Give non-British citizens who are NHS workers automatic citizenship,https://petition.parliament.uk/petitions/305129,open,58648
Duty on alcohol sold in pubs should be temporarily suspended after the pandemic,https://petition.parliament.uk/petitions/305150,open,19
Eradicate the use of all coins in the UK,https://petition.parliament.uk/petitions/305155,open,14
Mandatory testing for all 3 Emergency Services for COVID-19,https://petition.parliament.uk/petitions/305163,open,31
Allow coronavirus victims to be buried according to their religious beliefs,https://petition.parliament.uk/petitions/305167,open,28
Make secondary schools start later (around 10 am),https://petition.parliament.uk/petitions/305181,open,16
Allow business to use Apprenticeship Levy pots for cash flow during Coronavirus,https://petition.parliament.uk/petitions/305190,open,14
Ban Facial Recognition Cameras within the UK,https://petition.parliament.uk/petitions/305194,open,18
Provide COVID19 financial assistance only to companies paying UK corporation tax,https://petition.parliament.uk/petitions/305203,open,7508
Open schools during the summer holidays,https://petition.parliament.uk/petitions/305213,open,265
Require all vulnerable and at risk people to stop going to work,https://petition.parliament.uk/petitions/305270,open,22
Tougher sentences for THEFT & BURGLARY In the wake of the Covid-19 outbreak,https://petition.parliament.uk/petitions/305271,open,31
Close all non essential shops during the Covid-19 crisis,https://petition.parliament.uk/petitions/305290,open,67
"Encourage lenders to suspend interest, fees and repayments during COVID-19",https://petition.parliament.uk/petitions/305297,open,115
Waive the duty on alcohol spirit to be used as an ingredient in hand sanitisers,https://petition.parliament.uk/petitions/305383,open,13
Make COVID19 testing available to teaching staff caring for pupils.,https://petition.parliament.uk/petitions/305423,open,34851
To give all parents with children food vouchers regardless of income.,https://petition.parliament.uk/petitions/305425,open,13
Make it illegal to use a disabled parking space without a Blue Badge,https://petition.parliament.uk/petitions/305511,open,43
Allow childminders to continue caring for children during the Coronavirus,https://petition.parliament.uk/petitions/305520,open,22
Allow schools to re-open in England!,https://petition.parliament.uk/petitions/305525,open,205
"Release HMP Prisoners due to COVID-19 - temporary release, licence, tag, curfew",https://petition.parliament.uk/petitions/305604,open,49074
To legislate so that Statutory Sick Pay covers the normal wage of the individual,https://petition.parliament.uk/petitions/305618,open,23
Stop 2 child tax credit limit so we can buy the things they need during Covid-19,https://petition.parliament.uk/petitions/305663,open,45
Require airlines to stop school holiday price hikes if they receive bail out,https://petition.parliament.uk/petitions/305685,open,25
Abolish the 6-month statutory time limit for prosecuting summary-only offences,https://petition.parliament.uk/petitions/305696,open,42
Government to fund parallel running of mass production for all Covid-19 trials.,https://petition.parliament.uk/petitions/305727,open,6
Temporarily suspend certain aspects of the Package Travel Regulations.,https://petition.parliament.uk/petitions/305746,open,903
Increase taxes on high earners to fund emergency Budget measures,https://petition.parliament.uk/petitions/305795,open,408
Fund Free Public Transport for all front line staff during COVID19 pandemic,https://petition.parliament.uk/petitions/305801,open,59
Scrap prescription charges during the Covid-19 outbreak.,https://petition.parliament.uk/petitions/305813,open,18
Make use of the EU Ventilator scheme for increased Corona Virus demand,https://petition.parliament.uk/petitions/305825,open,26
"Fund free Travel, Parking, Hotel & Childcare during COVID-19 for NHS staff",https://petition.parliament.uk/petitions/305854,open,188
Review the Equality Act as part of work on the National Disability Strategy.,https://petition.parliament.uk/petitions/305867,open,103
Fund and provide safety clothing for the supermarket staff on the frontline,https://petition.parliament.uk/petitions/305874,open,21
Pay Universal Credit from Day One,https://petition.parliament.uk/petitions/305875,open,90
Fund free TV for all patients in NHS hospitals. ,https://petition.parliament.uk/petitions/305879,open,20
Give all UK citizens access to their pension pots immediately tax free.,https://petition.parliament.uk/petitions/305886,open,122
Revoke emergency powers relevant to the coronavirus as soon as the crisis ends.,https://petition.parliament.uk/petitions/305889,open,29
Given the current situation suspend all Business Rates now to all business.,https://petition.parliament.uk/petitions/305899,open,25
Create the largest open wifi network for communities during Covid 19,https://petition.parliament.uk/petitions/305958,open,13
A yearly 2 week period where everything shuts down to let the world heal,https://petition.parliament.uk/petitions/306005,open,47
"Grant for the disabled people, to assist with social isolation.",https://petition.parliament.uk/petitions/306019,open,41
Mandatory custodial sentence and compensation for child neglect,https://petition.parliament.uk/petitions/306025,open,22
Force Newspapers to print their retractions on same page as the original story,https://petition.parliament.uk/petitions/306050,open,19
Restrict Government support for Covid-19 to dividend-paying companies,https://petition.parliament.uk/petitions/306053,open,24
"Cut beer duty for at least 12 months, so pubs can survive after the covid virus.",https://petition.parliament.uk/petitions/306054,open,22167
Ban landlords and estate agents discriminating against universal credit tenants,https://petition.parliament.uk/petitions/306091,open,36
Fund the NHS to provide increased reimbursement for community nurse mileage,https://petition.parliament.uk/petitions/306115,open,89
Government to pay rent or mortgage of all UK citizens during Covid-19 outbreak,https://petition.parliament.uk/petitions/306150,open,11
Abolish TV License Fee during the Corona Virus emergency.,https://petition.parliament.uk/petitions/306187,open,66
Refuse any request to suspend requirements for airlines to compensate customers,https://petition.parliament.uk/petitions/306197,open,13
Waive taxes on gift vouchers issued by independent businesses,https://petition.parliament.uk/petitions/306220,open,7
Raise the speed limit on UK motorways to 90 miles per hour,https://petition.parliament.uk/petitions/306312,open,15
Extend rights to access public funds and apply for Indefinite Leave to Remain,https://petition.parliament.uk/petitions/306335,open,44
Supply NHS key frontline staff working during Covid-19 healthy food hampers,https://petition.parliament.uk/petitions/306339,open,18
Give All Schools Protective Equipment to help protect staff from the Coronavirus,https://petition.parliament.uk/petitions/306347,open,102
Take immediate action to find and isolate COVID-19 cases and recent contacts,https://petition.parliament.uk/petitions/306369,open,67
Enable schools to pay overtime for lost holidays during Covid-19 quarantine,https://petition.parliament.uk/petitions/306385,open,9
Protect essential workers from contracting and spreading Covid-19.,https://petition.parliament.uk/petitions/306387,open,15
Please deliver basic food and other provisions to each person in UK during CV,https://petition.parliament.uk/petitions/306394,open,24
Bring back national service.,https://petition.parliament.uk/petitions/306432,open,27
Refund university students for 3rd Semester Tuition 2020,https://petition.parliament.uk/petitions/306494,open,101277
Reduce interest rate for Help to Buy scheme.,https://petition.parliament.uk/petitions/306566,open,16
Allow Gift Aid on charity donations made with loyalty points during COVID-19,https://petition.parliament.uk/petitions/306589,open,123
Protect the NHS and healthcare workers from legal action during COVID19,https://petition.parliament.uk/petitions/306608,open,61
Allow landlords full tax relief on finance costs such as mortgage interest,https://petition.parliament.uk/petitions/306655,open,11
Ensure that the national minimum wage is a living wage.,https://petition.parliament.uk/petitions/306660,open,118
Extend maternity leave by 3 months with pay in light of COVID-19,https://petition.parliament.uk/petitions/306691,open,216643
Introduce a ~5% SOCIAL RESPONSIBILITY tax to all workers and corporations,https://petition.parliament.uk/petitions/306697,open,10
DVSA to provide training Info of examiners conducting driving tests for disabled,https://petition.parliament.uk/petitions/306721,open,7
Review the decision to use previous data to calculate exam grades,https://petition.parliament.uk/petitions/306773,open,137
Offer Cat D licence holders (Bus & Coach) a free entitlement to Cat C LGV,https://petition.parliament.uk/petitions/306835,open,61
Give all key workers a 100% tax and Nat. Ins. holiday through COVID-19 crisis,https://petition.parliament.uk/petitions/306845,open,141723
No Extensions to the Brexit Transition Period,https://petition.parliament.uk/petitions/306862,open,10482
Frontline pharmacy staff given same protective wear as hospital frontline.,https://petition.parliament.uk/petitions/306886,open,27
Supply surgical masks to be used by the general public,https://petition.parliament.uk/petitions/306950,open,24
Require schools and universities to start the academic year in January 2021,https://petition.parliament.uk/petitions/306954,open,54
Remove requirement to make joint claims for Universal Credit during Covid-19,https://petition.parliament.uk/petitions/306965,open,42
Pass into law a windfall tax for all businesses that profit from coronavirus.,https://petition.parliament.uk/petitions/306971,open,22
Stop advanced and budgeting repayments on universal credit until Covid-19 goes,https://petition.parliament.uk/petitions/307011,open,24
Free school meals for children of key workers who still need to attend school,https://petition.parliament.uk/petitions/307016,open,22
Allow gyms and leisure centres to reopen,https://petition.parliament.uk/petitions/307146,open,23560
Limit Universal Credit & Working Tax Credit increases to those affected by virus,https://petition.parliament.uk/petitions/307149,open,8
Fund a seed pack for everyone in the UK so they can be self sufficient.,https://petition.parliament.uk/petitions/307167,open,21
"List all UK security personnel as ""Key Workers"" during the current crisis.",https://petition.parliament.uk/petitions/307202,open,23
Pay bonus to all key workers,https://petition.parliament.uk/petitions/307215,open,5299
Repatriate all UK residents stranded abroad,https://petition.parliament.uk/petitions/307260,open,1017
Close all unnecessary businesses including takeaways to safeguard health,https://petition.parliament.uk/petitions/307294,open,31
Stop the planned increase to the Immigration Health Surcharge,https://petition.parliament.uk/petitions/307321,open,1085
Omit the NHS from any future trade deal with the US,https://petition.parliament.uk/petitions/307339,open,20
Make any bailouts for UK airlines conditional on reducing emissions,https://petition.parliament.uk/petitions/307345,open,290
Bank holiday to thank those who helped during the COVID-19 crisis,https://petition.parliament.uk/petitions/307364,open,162
Fund free broadband for vulnerable households during social distancing.,https://petition.parliament.uk/petitions/307371,open,24
Reimburse health care professionals for professional registration fees,https://petition.parliament.uk/petitions/307399,open,45
"Create a symptom reporting site, where people with Covid-19 symptoms self-report",https://petition.parliament.uk/petitions/307405,open,16
Extend theory expiry dates due to COVID-19 (Coronavirus),https://petition.parliament.uk/petitions/307479,open,252
Award immigrant key workers with permanent residency after coronavirus crisis,https://petition.parliament.uk/petitions/307483,open,221
Coordinate rigorous world effort to end live wild animal markets,https://petition.parliament.uk/petitions/307504,open,1012
Fund increased death in service benefits for NHS staff who die during Covid-19,https://petition.parliament.uk/petitions/307592,open,210
Having one type of motorcycle licence in the UK like there is in the USA.,https://petition.parliament.uk/petitions/307616,open,20
Make hazard pay mandatory for key workers in the midst of COVID 19.,https://petition.parliament.uk/petitions/307619,open,7241
Allow DVLA to restart Motorcycle tests,https://petition.parliament.uk/petitions/307630,open,60
Ensure care workers get full pay from day one of Coronavirus-related absence.,https://petition.parliament.uk/petitions/307650,open,123
Extend rights to publicly funded care during coronavirus outbreak,https://petition.parliament.uk/petitions/307718,open,7
Emergency funding increase for mental health services due to Covid -19 pandemic,https://petition.parliament.uk/petitions/307724,open,16
Reform England's education system based on the Finnish education system.,https://petition.parliament.uk/petitions/307753,open,8
Specialist Cleaners to be added as Critical or Key Workers COVID-19 pandemic,https://petition.parliament.uk/petitions/307778,open,95
"Put appliance engineers, plumbers and electricians into the key workers category",https://petition.parliament.uk/petitions/307785,open,26
"Raise the (SBBR) small business COVID-19 grant to  £25,000 help small businesses",https://petition.parliament.uk/petitions/307846,open,18
End income tax on minimum wage earners during Covid-19 crisis.,https://petition.parliament.uk/petitions/307851,open,20
Keep vaping shops open in total COVID-19 lockdown to stop ex-smokers relapsing,https://petition.parliament.uk/petitions/307865,open,54
Provide all workers dealing with the public PPE to be protected from COVID-19 ,https://petition.parliament.uk/petitions/307866,open,28
Bring forward the plans to abolish VAT on e-books and other online publications.,https://petition.parliament.uk/petitions/307870,open,12
Make parking for all NHS staff free all of the time.,https://petition.parliament.uk/petitions/307909,open,87
Requisition Coronavirus Test Kits from private providers and redirect to the NHS,https://petition.parliament.uk/petitions/307917,open,40
Temporarily suspend the 20 hour term time work rule for international students.,https://petition.parliament.uk/petitions/307938,open,22
Business Rate Relief to be extended to all small businesses in healthcare.,https://petition.parliament.uk/petitions/307959,open,10322
Encourage local authorities and private car parks to suspend parking fines,https://petition.parliament.uk/petitions/307972,open,7
Ban the sale and use of all cigarettes (including e-cigarettes) by 2030.,https://petition.parliament.uk/petitions/307977,open,11
Forgive student debt of all key workers after Pandemic crisis.,https://petition.parliament.uk/petitions/307985,open,98
"Shut schools completely to stop putting teachers, TAs and pupils at risk",https://petition.parliament.uk/petitions/308013,open,166
A  medal to honour the fortitude of people working in essential occupations,https://petition.parliament.uk/petitions/308035,open,142
Complete UK lockdown of all business but those essential to our survival,https://petition.parliament.uk/petitions/308122,open,164
Ration gluten-free food to protect those with particular dietary requirements,https://petition.parliament.uk/petitions/308138,open,25
Consider how to compensate key workers for their efforts during Covid-19 crisis,https://petition.parliament.uk/petitions/308172,open,91
Extend Equality Act 2010 protections to all job applicants for seafarer roles,https://petition.parliament.uk/petitions/308183,open,68
Increase the budget for the UK Space Agency to £5 billion by 2024,https://petition.parliament.uk/petitions/308198,open,7
Call for an immediate end to the Israeli blockade on the people of Gaza,https://petition.parliament.uk/petitions/308206,open,5924
Supply and mandate the use of face masks and gloves,https://petition.parliament.uk/petitions/308209,open,28
Provide 'safe supply' of drugs to people with addiction during COVID-19 shutdown,https://petition.parliament.uk/petitions/308229,open,31
Create a right to paid leave for women and men following all miscarriages,https://petition.parliament.uk/petitions/308243,open,128
Relax hunting regulations during Covid-19 outbreak,https://petition.parliament.uk/petitions/308284,open,14
Reform Covid19 income support schemes to pay 75% of wages and give 5% to the NHS,https://petition.parliament.uk/petitions/308296,open,10
Ban All Commercial Flights On Sundays,https://petition.parliament.uk/petitions/308349,open,32
Ban the sale of palm oil products in the UK ,https://petition.parliament.uk/petitions/308368,open,7
Fund paid parental leave for all employed parents of school aged children,https://petition.parliament.uk/petitions/308376,open,14
"Suspend student loan repayments for doctors, nurses and midwives during COVID-19",https://petition.parliament.uk/petitions/308456,open,34
Add Locksmiths to the Key Workers List during COVID-19,https://petition.parliament.uk/petitions/308520,open,22
Allow certain learner drivers to drive unsupervised for a limited period,https://petition.parliament.uk/petitions/308523,open,685
Prevent unqualified practitioners from performing beauty and hair treatments,https://petition.parliament.uk/petitions/308539,open,14
"During Covid-19 pandemic, make PPE on prescription for those most at risk.",https://petition.parliament.uk/petitions/308558,open,13
Help international healthcare professionals to join the NHS,https://petition.parliament.uk/petitions/308572,open,174
Freeze student loan payments and interest accrual for Covid-19,https://petition.parliament.uk/petitions/308579,open,184
Designate a day for the recognition of our NHS and all Emergency Services.,https://petition.parliament.uk/petitions/308614,open,69
Translate UK Government and NHS Advice on COVID - 19.,https://petition.parliament.uk/petitions/308653,open,10
Prohibit companies from delivering leaflets to houses until the lockdown ends.,https://petition.parliament.uk/petitions/308690,open,17
"Provide financial help to zoos, aquariums, & rescue centres during the pandemic.",https://petition.parliament.uk/petitions/308733,open,3938
Call on all remaining countries to ban whaling completely.,https://petition.parliament.uk/petitions/308741,open,23
Provide airport key workers with masks for personal protection,https://petition.parliament.uk/petitions/308833,open,23
Pay 80% wages to parents caring for high risk children.,https://petition.parliament.uk/petitions/308860,open,23
Increase exemptions on cash gifts from inheritance tax during Covid-19,https://petition.parliament.uk/petitions/308883,open,8
Make the Monday after Mothering Sunday 2021 an extra bank holiday.,https://petition.parliament.uk/petitions/308891,open,83
Identify and reward all key workers due to Covid-19,https://petition.parliament.uk/petitions/308903,open,64
"Hold a 2-minute silence each year to the lives lost, from the Coronavirus.",https://petition.parliament.uk/petitions/308923,open,13
Urge the Chinese government to stop the annual Yulin Dog Eating Festival,https://petition.parliament.uk/petitions/308926,open,27
Close construction sites because of Covid19.,https://petition.parliament.uk/petitions/308933,open,5456
Introduce Fines for people wasting NHS time during the Corona virus Outbreak,https://petition.parliament.uk/petitions/308960,open,15
Fund free books for children who have lost access to libraries due to the Corona,https://petition.parliament.uk/petitions/308961,open,7
Close all food stores on a Sunday during this lockdown,https://petition.parliament.uk/petitions/308974,open,7
All products sold in the UK to be clearly labelled with country of origin,https://petition.parliament.uk/petitions/309019,open,30
Provide 80% pay to all members of a household with a vulnerable person,https://petition.parliament.uk/petitions/309049,open,89
Require garages to only open for key workers during Covid19,https://petition.parliament.uk/petitions/309077,open,12
Pay Key Workers 2 weeks full pay if they have to isolate.,https://petition.parliament.uk/petitions/309104,open,90
Instruct all local Councils to suspend all live planning applications submitted.,https://petition.parliament.uk/petitions/309176,open,37
Include the UK's Volunteer Police officers in Schedule 7 of the Coronavirus Bill,https://petition.parliament.uk/petitions/309193,open,21
Implement a windfall tax on UK billionaires to fund effort to fight Covid-19,https://petition.parliament.uk/petitions/309220,open,731
Pay self-employed workers 80% of gross income during Covid-19,https://petition.parliament.uk/petitions/309231,open,382
Move all bank holidays to a time after Coronavirus Lockdown,https://petition.parliament.uk/petitions/309243,open,467
Provide alternative means for conducting weddings during Covid Pandemic,https://petition.parliament.uk/petitions/309262,open,142
Require schools to allow children the option to retake their year next year,https://petition.parliament.uk/petitions/309265,open,746
Offer 80% financial support to persons in the 'Construction Industry Scheme',https://petition.parliament.uk/petitions/309281,open,37
Lockdown food shops to stop spreading viruses,https://petition.parliament.uk/petitions/309291,open,7
Help for working parents with <5yo who can't work remotely as caring for them,https://petition.parliament.uk/petitions/309305,open,9
Delay the ban on Menthol Cigarettes until after the COVID-19 Pandemic,https://petition.parliament.uk/petitions/309316,open,39
Close the Borders of the United Kingdom to Prevent the Spread of Coronavirus.,https://petition.parliament.uk/petitions/309332,open,2181
"Fund all medical degrees to support future doctors and nurses
 
",https://petition.parliament.uk/petitions/309404,open,15
Temporarily remove landfill tax,https://petition.parliament.uk/petitions/309425,open,21
Mandatory jail sentence for assaulting (eg. spitting/coughing) emergency worker,https://petition.parliament.uk/petitions/309432,open,12
Extend access to an NHS funded pension to Retail Community Pharmacists,https://petition.parliament.uk/petitions/309462,open,943
Cut student loan's interest rate to properly reflect Bank of England's base rate,https://petition.parliament.uk/petitions/309558,open,51
Ban online gambling immediately in the UK,https://petition.parliament.uk/petitions/309612,open,90
Change restrictions on furloughed workers so they can still work and contribute,https://petition.parliament.uk/petitions/309635,open,18
Repeal the Human Rights Act and update treason laws,https://petition.parliament.uk/petitions/309681,open,713
Fund increased pay for lower band nurses and care assistants,https://petition.parliament.uk/petitions/309726,open,33
"Pay NHS Agency Nurses, Doctors and Healthcare staff a wage if they self isolate",https://petition.parliament.uk/petitions/309771,open,16
Allocate funds to enable testing for everyone with COVID-19 type symptoms.,https://petition.parliament.uk/petitions/309815,open,21
Give parents the right to see their child unless there is a valid reason,https://petition.parliament.uk/petitions/309849,open,106
Exempt golf courses from the list of venues required to close due to Covid-19,https://petition.parliament.uk/petitions/309851,open,308
"Extend £25,000 cash grants to nurseries during Covid-19 crisis.",https://petition.parliament.uk/petitions/309856,open,20
Keep electronic proceedings for non-molestation orders after Covid-19 pandemic,https://petition.parliament.uk/petitions/309880,open,50
Fund work-based learning providers on same basis as colleges,https://petition.parliament.uk/petitions/309911,open,22
Consider passing a Good Samaritan Act during CV-19,https://petition.parliament.uk/petitions/309920,open,22
Introduce fines for non-emergency 999 calls,https://petition.parliament.uk/petitions/309968,open,25
Require MOT services to close to reduce spread of Covid-19,https://petition.parliament.uk/petitions/309972,open,9
6 Month Road Tax Exemption Due To UK Lockdown,https://petition.parliament.uk/petitions/309981,open,9
One days isolation every year to remember those we have lost,https://petition.parliament.uk/petitions/309988,open,30
Require a referendum on the sale of any Government-owned company or assets,https://petition.parliament.uk/petitions/310007,open,14
Withhold financial support to employers making staff redundant during Covid-19,https://petition.parliament.uk/petitions/310053,open,28
Pay international students weekly wage equal to 20 hrs to meet monthly expenses,https://petition.parliament.uk/petitions/310054,open,24
Suitable equipment to protect our front-line police officers from COVID-19,https://petition.parliament.uk/petitions/310079,open,7
Commission a Memorial Plaque to honour and remember UK victims of the Covid-19,https://petition.parliament.uk/petitions/310097,open,17
Give financial support to childcare establishments staying open during Covid-19,https://petition.parliament.uk/petitions/310107,open,7
"Free prescriptions for all carers, emergency personnel, NHS workers and police",https://petition.parliament.uk/petitions/310109,open,63
Support the healthcare workers by waiving the university fees they have to pay,https://petition.parliament.uk/petitions/310140,open,14
Automatic life ban for drink and drug drivers at first offence,https://petition.parliament.uk/petitions/310145,open,7
Join the Joint European Procurement Initiative.,https://petition.parliament.uk/petitions/310166,open,19
RAF Red Arrows to fly over London with NHS blue & white smoke,https://petition.parliament.uk/petitions/310183,open,19
Make it easier for those self-isolating to sign a Will,https://petition.parliament.uk/petitions/310188,open,9
National Service for NHS.,https://petition.parliament.uk/petitions/310190,open,11
Close all the courts down to stop the spread of COVID-19.,https://petition.parliament.uk/petitions/310205,open,26
"Immediate 25% pay rise to all healthcare professionals,fire fighters and police.",https://petition.parliament.uk/petitions/310216,open,25
Ban the sale of tobacco during the covid-19 outbreak,https://petition.parliament.uk/petitions/310248,open,26
Stop culling immediately and start widespread vaccination of badgers now,https://petition.parliament.uk/petitions/310307,open,4760
Stop All UK Deportation Activity during this Corona Virus Pandemic,https://petition.parliament.uk/petitions/310313,open,21
Require businesses to turn off lighting in empty offices during Covid-19,https://petition.parliament.uk/petitions/310317,open,11
Suspend limitations on the number of hours visa holders can work during Covid-19,https://petition.parliament.uk/petitions/310318,open,12
Bring back Sundays being a day of rest.,https://petition.parliament.uk/petitions/310336,open,38
Close all shops including supermarkets during covid 19,https://petition.parliament.uk/petitions/310341,open,18
Scrap in-country visa Extension fees,https://petition.parliament.uk/petitions/310356,open,164
UK Government to set up a Covid-19 Select Committee,https://petition.parliament.uk/petitions/310359,open,8
Home Office to offer one year visa extensions without applications being made.,https://petition.parliament.uk/petitions/310387,open,606
Allow paramedic prescribers to prescribe controlled drugs,https://petition.parliament.uk/petitions/310404,open,749
Set a minimum mot testing fee after covid-19 to help businesses to recover,https://petition.parliament.uk/petitions/310422,open,22
Cover 80% of wages for people who are having to shield for 12 weeks.,https://petition.parliament.uk/petitions/310424,open,15
Remove the £50k earnings limit for self-employed to access government funding,https://petition.parliament.uk/petitions/310455,open,1176
For self employed new mums to not be discriminated against in the 80% gov help,https://petition.parliament.uk/petitions/310461,open,58
Ban all garden waste fires during Coronavirus Pandemic in residential areas.,https://petition.parliament.uk/petitions/310468,open,14
"Provide COVID19 income support for the newly self-employed, without HMRC records",https://petition.parliament.uk/petitions/310471,open,11760
Coronavirus Support Package for Directors / Shareholders of small Limited Co's.,https://petition.parliament.uk/petitions/310515,open,61253
Increase National Insurance by 5 pence to Increase Salaries for all NHS Workers,https://petition.parliament.uk/petitions/310518,open,10
For the sake of wildlife & forests ban the release of balloons and sky lanterns.,https://petition.parliament.uk/petitions/310556,open,15
Write off all student loans for all NHS staff fighting COVID19,https://petition.parliament.uk/petitions/310559,open,2357
Offer financial support for out of work Seafarers during the COVID-19 pandemic,https://petition.parliament.uk/petitions/310568,open,18
Pay keyworkers 80% of wages if they or their family are ill or self-isolate,https://petition.parliament.uk/petitions/310570,open,16
Fund hotel accommodation for key workers during Covid19.,https://petition.parliament.uk/petitions/310594,open,21
Pay all NHS Staff at least the Real Living Wage!,https://petition.parliament.uk/petitions/310615,open,9
Reimburse international NHS workers the cost of the NHS surcharge this year.,https://petition.parliament.uk/petitions/310628,open,13
Pay NHS nurses & newly qualified teachers a starting salary of £35k.,https://petition.parliament.uk/petitions/310629,open,136
Introduce Compensation for seasonal workers due to Covid-19,https://petition.parliament.uk/petitions/310649,open,8
Pay those who had job offers retracted 80% of the wage they would have earned.,https://petition.parliament.uk/petitions/310654,open,35
Change the Furlough Support Scheme to include new hires after 28th February.,https://petition.parliament.uk/petitions/310679,open,11489
Ensure all prison workers are issued protective gear during this pandemic,https://petition.parliament.uk/petitions/310683,open,99
Abolish Stamp Duty on all transactions during Corona Virus pandemic,https://petition.parliament.uk/petitions/310695,open,209
Link pay rises for the emergency services + public sector to same % as MPs,https://petition.parliament.uk/petitions/310753,open,14
Provide accreditation for volunteers in Government-supported Covid-19 schemes,https://petition.parliament.uk/petitions/310798,open,28
Permanent Basic Income for Healthcare workers.,https://petition.parliament.uk/petitions/310801,open,17
Have a complete lock down to control the spread of the virus,https://petition.parliament.uk/petitions/310805,open,94
Do not count time outside of the UK during COVID-19 against ILR applicants,https://petition.parliament.uk/petitions/310806,open,19
Offer 0% Emergency Loans to Stranded Citizens for flights and accommodation,https://petition.parliament.uk/petitions/310809,open,8
Extend Tier-4 visas and waive third-term tuition fee for international students,https://petition.parliament.uk/petitions/310825,open,6029
Bring forward COVID-19 Self-employment grants to April 2020,https://petition.parliament.uk/petitions/310898,open,2942
Create/use alternative method for verifying identity for UC claims and GOV help,https://petition.parliament.uk/petitions/310930,open,25
Suspend sanctions to Universal Credit to help families and people in hardship,https://petition.parliament.uk/petitions/310979,open,6
Provide a rescue package for UK scientific research,https://petition.parliament.uk/petitions/311031,open,9
Covid bail outs for companies in exchange for carbon-reducing commitments.,https://petition.parliament.uk/petitions/311059,open,324
Give single parents the right to stay at home due to Covid-19,https://petition.parliament.uk/petitions/311118,open,23
Allow employees to claim the 80% income support directly from the Government,https://petition.parliament.uk/petitions/311183,open,8
Hold a royal commission into the state of the NHS at the start of Covid19 crisis,https://petition.parliament.uk/petitions/311195,open,10
Offer a British Farming Grant to Farmers who cannot get the Small Business Grant,https://petition.parliament.uk/petitions/311207,open,104
"Do not use phone data to track us without our permission, regardless of use",https://petition.parliament.uk/petitions/311296,open,13
"Help Asylum Seekers in UK
during the Covid-19 Outbreak.",https://petition.parliament.uk/petitions/311322,open,22
"Provide pensions to all who lose their husband, wife or partner during Covid-19",https://petition.parliament.uk/petitions/311355,open,11
Consider paying commission and bonus as part or furlough payment,https://petition.parliament.uk/petitions/311380,open,42
Add mobile phone & computer retailers/repairers to list of essential businesses,https://petition.parliament.uk/petitions/311455,open,21
Ban selling drinks bottles that aren’t made out of a sustainable material.,https://petition.parliament.uk/petitions/311520,open,72
Allow furloughed charity employees to volunteer for their charity,https://petition.parliament.uk/petitions/311559,open,1664
"Close footpaths, bridleways & right of ways through farmers land during Covid-19",https://petition.parliament.uk/petitions/311581,open,6
Halt Trident renewal and spend the funds on fighting the coronavirus.,https://petition.parliament.uk/petitions/311638,open,1198
"Cancel HS2 and use the money for the NHS and local economies, post Covid-19.",https://petition.parliament.uk/petitions/311642,open,1258
Use all revenue from lockdown fines for NHS PPE.,https://petition.parliament.uk/petitions/311666,open,11
Prevent family courts and social services making decisions based on hearsay,https://petition.parliament.uk/petitions/311739,open,72
Scrap the 48 hour limit on average weekly working time for mobile workers,https://petition.parliament.uk/petitions/311747,open,21
Close all non essential online stores/warehouses,https://petition.parliament.uk/petitions/311765,open,60
All police fines collected for unnecessary travel should go to the NHS.,https://petition.parliament.uk/petitions/311882,open,20
Debate the Chinese government’s handling of Covid-19,https://petition.parliament.uk/petitions/311905,open,22
Fund free TV access for hospital patients during Covid-19 outbreak,https://petition.parliament.uk/petitions/311947,open,8
Support family members of non-UK NHS staff to attend university,https://petition.parliament.uk/petitions/311959,open,7
Give HGV Drivers a 6 month exemption from CPC through Covid-19 Crisis,https://petition.parliament.uk/petitions/311971,open,12
Remove the 50% earnings barrier so all self employed workers to receive support.,https://petition.parliament.uk/petitions/311987,open,4003
Ban alcohol sales in the UK during the pandemic.,https://petition.parliament.uk/petitions/312023,open,7
COVID-19: Commandeer production of British-made PPE for frontline staff,https://petition.parliament.uk/petitions/312024,open,21
Investigate NHS Supply Chain performance providing PPE to frontline staff.,https://petition.parliament.uk/petitions/312054,open,158
Increase UK contribution to SDG 6: Ensure access to water and sanitation for all,https://petition.parliament.uk/petitions/312104,open,16
Extend the 12month 'giving notice' period for weddings postponed due to COVID-19,https://petition.parliament.uk/petitions/312109,open,5327
Introduce a new offence of using Covid-19/Coronavirus for the purpose of fraud,https://petition.parliament.uk/petitions/312188,open,8
Provide Financial Help to Veterinary Practices during Covid-19,https://petition.parliament.uk/petitions/312231,open,10
Remove savings cap on Universal Credit for Covid-19 related Self Employed claims,https://petition.parliament.uk/petitions/312283,open,125
Allow companies to furlough their Schedule D workers under the CJRS,https://petition.parliament.uk/petitions/312285,open,174
Award posthumous medals to NHS and other frontline workers; victims of covid-19.,https://petition.parliament.uk/petitions/312389,open,132
Indefinite Leave to Remain for NHS Staff,https://petition.parliament.uk/petitions/312565,open,3675
Remove firms discretion and obligate firms to furlough employees where eligible.,https://petition.parliament.uk/petitions/312611,open,829
Citizenship for all immigrant NHS and social care workers - Covid19,https://petition.parliament.uk/petitions/312894,open,128
Delay 5G in the UK until there’s been an independent investigation,https://petition.parliament.uk/petitions/312997,open,43989
We need a new act of Parliament - Recall of Local Government Councillors.,https://petition.parliament.uk/petitions/313243,open,28
Create a National Health Insurance Tax for the NHS,https://petition.parliament.uk/petitions/313361,open,9
Remove the criteria for men who have sex with men to wait before donating blood,https://petition.parliament.uk/petitions/313693,open,20
VAT refunds for SMEs,https://petition.parliament.uk/petitions/313807,open,188
Citizenship to all immigrant key workers,https://petition.parliament.uk/petitions/313825,open,322
Enable the Government to access Bank of England GRANTS to fund Public Services!,https://petition.parliament.uk/petitions/314487,open,17
Free transport for post 16 to any further education establishment,https://petition.parliament.uk/petitions/314495,open,37
Encourage credit agencies to show consideration to negative transactions,https://petition.parliament.uk/petitions/314622,open,27
Extend proposed Graduate visa route to 2019-20 batch of students due to COVID19,https://petition.parliament.uk/petitions/314710,open,1463
Requisition capacity from the defence sector to produce medical equipment.,https://petition.parliament.uk/petitions/314993,open,21
End lockdown to prevent further economic damage to the UK’s economy.,https://petition.parliament.uk/petitions/315979,open,269
Reward our healthcare heroes now for risking their lives to fight Covid-19.,https://petition.parliament.uk/petitions/318741,open,4001
Fair and Equal voting rights for young people across the UK,https://petition.parliament.uk/petitions/318810,open,866
